{
  "mean_three_line": 2596.1225,
  "mean_four_line": 2659.367875,
  "mean_five_line": 232.0475,
  "mean_total": 5487.537875
}