{
  "mean_three_line": 2601.558775,
  "mean_four_line": 2668.16875,
  "mean_five_line": 235.458775,
  "mean_total": 5505.1863
}