{
  "mean_three_line": 2607.5939875,
  "mean_four_line": 2668.845675,
  "mean_five_line": 235.882975,
  "mean_total": 5512.3226375
}