{
  "mean_three_line": 2862.40625,
  "mean_four_line": 2704.235,
  "mean_five_line": 239.24375,
  "mean_total": 5805.885
}