{
  "mean_three_line": 2637.37375,
  "mean_four_line": 2680.62,
  "mean_five_line": 241.01125,
  "mean_total": 5559.005
}