{
  "mean_three_line": 2602.411525,
  "mean_four_line": 2661.674675,
  "mean_five_line": 234.282125,
  "mean_total": 5498.368325
}